{"cameraMode":{"drawMode":0,"name":"Shaded","section":"Shading Mode"},"sceneLighting":false,"audioPlay":false,"sceneViewState":{"showFog":false,"showMaterialUpdate":false,"showSkybox":false,"showFlares":false,"showImageEffects":false,"showParticleSystems":true},"in2DMode":false,"pivot":{"x":-0.7614757418632507,"y":0.5,"z":1.623105525970459},"rotation":{"x":0.3140355348587036,"y":-0.11497620493173599,"z":0.038344044238328937,"w":0.9416431784629822},"size":1.943238377571106,"orthographic":true}