{"cameraMode":{"drawMode":0,"name":"Shaded","section":"Shading Mode"},"sceneLighting":false,"audioPlay":false,"sceneViewState":{"showFog":false,"showMaterialUpdate":false,"showSkybox":false,"showFlares":false,"showImageEffects":false,"showParticleSystems":true},"in2DMode":false,"pivot":{"x":0.48610690236091616,"y":0.25077715516090395,"z":-0.43646201491355898},"rotation":{"x":0.779205322265625,"y":-0.0009401768329553306,"z":0.001168900402262807,"w":0.6267670392990112},"size":4.210037708282471,"orthographic":true}